Timestamp,Slave 0,Slave 1,Slave 2,
1730778565444,0,,,,
1730778565451,0,,,
1730778565452,,0,0,
1730778565475,0.00187527373521682,,,
1730778565482,5.45583501554913E-5,,,,
1730778565496,,,0.0012737283260744515,
1730778565541,,0.001381933585091536,,
1730778566446,0.0,,,,
1730778566453,0.0,0.0012792390350877193,,
1730778566454,,,0.0,
1730778567446,0.0,,,,
1730778567453,0.0015015015015015015,,,
1730778567454,,0.0,0.0024975024975024975,
1730778568445,0.0,,,,
1730778568452,0.0,,,
1730778568453,,0.0,0.0,
1730778569446,0.0,,,,
1730778569453,0.0,,0.0,
1730778569454,,0.0,,
1730778570449,0.0,,,,
1730778570453,,0.0,,
1730778570454,0.0,,,
1730778570457,,,0.0,
1730778571446,0.0,,,,
1730778571453,0.0,0.0,0.0,
1730778572447,0.0,,,,
1730778572454,0.0,0.0,0.0,
1730778573446,0.0,,,,
1730778573453,0.0,0.0,0.0,
1730778574445,0.0,,,,
1730778574452,0.0,,,
1730778574453,,0.0,0.0,
1730778575445,0.0,,,,
1730778575452,0.0,,,
1730778575453,,0.0,0.0,
1730778576444,0.0,,,,
1730778576453,0.003166666,,0.0045,
1730778576454,,0.004995004995004995,,
1730778577444,0.0,,,,
1730778577452,0.0,,,
1730778577454,,,0.0,
1730778577460,,0.0,,
1730778578445,0.0,,,,
1730778578452,0.0,,,
1730778578453,,0.0,,
1730778578454,,,0.0,
1730778579444,0.0,,,,
1730778579452,0.005,,,
1730778579453,,0.0055,0.0,
1730778580446,0.0,,,,
1730778580455,0.0,,,
1730778580456,,0.0,,
1730778580462,,,0.0047902210109018835,
1730778581445,0.0,,,,
1730778581452,0.0,,,
1730778581453,,0.0,0.0,
1730778582446,0.0,,,,
1730778582452,0.0,,,
1730778582453,,,0.0,
1730778582454,,0.0,,
1730778583445,0.0,,,,
1730778583453,0.0,0.0,0.0,
1730778584445,0.0,,,,
1730778584452,0.002833333,,,
1730778584453,,0.002333333,,
1730778584454,,,0.0,
1730778585445,0.0,,,,
1730778585452,0.0,,,
1730778585453,,0.0,0.002166666,
1730778586444,0.0,,,,
1730778586453,,,0.0,
1730778586454,0.0,0.0,,
1730778587445,0.0,,,,
1730778587453,0.0,0.0,0.0,
1730778588445,0.0,,,,
1730778588452,0.0,,,
1730778588453,,0.0,0.0,
1730778589445,0.0,,,,
1730778589452,0.002166666,,,
1730778589453,,0.0,0.002,
1730778590444,0.0,,,,
1730778590452,0.0,,,
1730778590453,,0.001833333,0.0,
1730778591444,0.0,,,,
1730778591453,,0.0,0.0,
1730778591454,0.0,,,
1730778592444,0.0,,,,
1730778592452,0.0,,,
1730778592453,,0.0,,
1730778592454,,,0.0,
1730778593444,0.0,,,,
1730778593452,0.0,,,
1730778593453,,0.0,,
1730778593454,,,0.0,
1730778594445,0.0,,,,
1730778594452,0.002166666,,,
1730778594453,,0.0,,
1730778594456,,,0.0023286756487025948,
1730778595444,0.0,,,,
1730778595452,0.0,,,
1730778595453,,0.0025,0.0,
1730778596445,0.0,,,,
1730778596452,0.0,,,
1730778596453,,0.0,,
1730778596454,,,0.0,
1730778597445,0.0,,,,
1730778597453,0.0,0.0,,
1730778597454,,,0.0,
1730778598445,0.0,,,,
1730778598452,0.0,,,
1730778598453,,0.0,,
1730778598454,,,0.0,
1730778599445,0.0,,,,
1730778599453,0.0,0.0,0.0,
1730778600445,0.0,,,,
1730778600452,0.002833333,,,
1730778600453,,0.0,0.002833333,
1730778601445,0.0,,,,
1730778601452,0.0,,,
1730778601453,,0.0,0.0,
1730778602444,0.0,,,,
1730778602453,0.0,0.0,0.0,
1730778603445,0.0,,,,
1730778603452,0.0,,,
1730778603453,,0.003166666,0.0,
1730778604444,0.0,,,,
1730778604452,0.0,,,
1730778604453,,0.0,0.0,
1730778605444,0.0,,,,
1730778605452,0.0,,,
1730778605453,,0.0,0.0,
1730778606444,0.0,,,,
1730778606452,0.0,,,
1730778606453,,0.0,0.0,
1730778607445,0.0,,,,
1730778607452,0.0,,,
1730778607453,,0.0,0.0,
1730778608445,0.0,,,,
1730778608453,,,0.0,
1730778608454,,0.0,,
1730778608456,0.0,,,
1730778609444,0.0,,,,
1730778609452,0.0,,,
1730778609453,,0.0,,
1730778609457,,,0.00298804780876494,
1730778610444,0.0,,,,
1730778610452,0.003,,,
1730778610453,,0.0,0.0,
1730778611445,0.0,,,,
1730778611452,0.0,,,
1730778611453,,0.0,,
1730778611454,,,0.0,
1730778612444,0.0,,,,
1730778612452,0.0,,,
1730778612453,,0.003166666,,
1730778612454,,,0.0,
1730778613445,0.0,,,,
1730778613453,0.0,0.0,,
1730778613454,,,0.0,
1730778614444,0.0,,,,
1730778614452,0.0,,,
1730778614453,,0.0,0.0,
1730778615444,0.0,,,,
1730778615452,0.0,,,
1730778615453,,0.0,0.0,
1730778616445,0.0,,,,
1730778616453,0.0,0.0,0.0,
1730778617445,0.0,,,,
1730778617452,0.0,0.0,,
1730778617453,,,0.003333333,
1730778618445,0.0,,,,
1730778618452,0.003003003003003003,0.0,,
1730778618453,,,0.0,
1730778619444,0.0,,,,
1730778619452,0.0,0.0,,
1730778619455,,,0.0,
1730778620445,0.0,,,,
1730778620452,0.0,,,
1730778620453,,0.0028305024975024975,,
1730778620454,,,0.0,
1730778621445,0.0,,,,
1730778621452,0.0,0.0,,
1730778621453,,,0.0,
1730778622444,0.0,,,,
1730778622452,0.0,0.0,,
1730778622453,,,0.0,
1730778623445,0.0,,,,
1730778623452,0.0,,,
1730778623453,,0.0,0.0,
1730778624444,0.0,,,,
1730778624452,0.0,0.0,,
1730778624453,,,0.0,
1730778625445,0.0,,,,
1730778625452,0.0,,,
1730778625453,,0.0,0.0,
1730778626445,0.0,,,,
1730778626452,0.0,,,
1730778626453,,0.0,0.003,
1730778627444,0.0,,,,
1730778627452,0.002833333,,,
1730778627453,,,0.0,
1730778627455,,0.0,,
1730778628444,0.0,,,,
1730778628452,0.0,,,
1730778628453,,,0.0,
1730778628455,,0.0,,
1730778629444,0.0,,,,
1730778629452,0.0,,,
1730778629453,,0.0033400130260521042,0.0,
1730778630445,0.0,,,,
1730778630452,0.0,,,
1730778630453,,0.0,0.0,
1730778631444,0.0,,,,
1730778631452,0.0,,,
1730778631453,,0.0,,
1730778631455,,,0.0,
1730778632445,0.0,,,,
1730778632452,0.0,,,
1730778632453,,0.0,0.0,
1730778633444,0.0,,,,
1730778633453,0.0,0.0,,
1730778633455,,,0.0,
1730778634444,0.0,,,,
1730778634452,0.0,,,
1730778634453,,0.0,0.0,
1730778635444,0.0,,,,
1730778635453,0.0,0.0,,
1730778635454,,,0.003330002997002997,
1730778636444,0.0,,,,
1730778636452,0.004166666,,,
1730778636453,,,0.0,
1730778636454,,0.0,,
1730778637444,0.0,,,,
1730778637452,0.0,,,
1730778637453,,0.0,0.0,
1730778638444,0.0,,,,
1730778638452,0.004828504495504496,,,
1730778638453,,0.004833333,0.0065,
1730778639444,0.0,,,,
1730778639452,0.0,0.0,,
1730778639453,,,0.0,
1730778640445,0.0,,,,
1730778640452,0.0,,,
1730778640453,,0.0,0.0,
1730778641445,0.0,,,,
1730778641452,0.0,,,
1730778641453,,0.0,0.0,
1730778642444,0.0,,,,
1730778642453,0.0,,0.0,
1730778642455,,0.0,,
1730778643444,0.0,,,,
1730778643452,0.0,,,
1730778643453,,0.0,0.0,
1730778644444,0.0,,,,
1730778644452,0.0,,,
1730778644453,,0.0,0.0,
1730778645444,0.0,,,,
1730778645452,0.0,,,
1730778645453,,0.0,0.0,
1730778646444,0.0,,,,
1730778646452,0.0,,,
1730778646453,,0.0,0.0,
1730778647444,0.0,,,,
1730778647452,0.0035035035035035035,0.0035035035035035035,,
1730778647453,,,0.003666666,
1730778648444,0.0,,,,
1730778648452,0.0,0.0,,
1730778648453,,,0.0,
1730778649444,0.0,,,,
1730778649452,0.0,,,
1730778649453,,0.0,0.0,
1730778650445,0.0,,,,
1730778650452,0.0,,,
1730778650453,,0.0,,
1730778650454,,,0.0,
1730778651444,0.0,,,,
1730778651452,0.0,0.0,,
1730778651453,,,0.0,
1730778652444,0.0,,,,
1730778652452,0.0,0.0,,
1730778652453,,,0.0,
1730778653444,0.0,,,,
1730778653452,0.0,,,
1730778653453,,0.0,,
1730778653454,,,0.0,
1730778654444,0.0,,,,
1730778654452,0.0,,,
1730778654453,,0.0,0.0,
1730778655446,0.0,,,,
1730778655452,0.0,,,
1730778655453,,0.0,,
1730778655456,,,0.003489531405782652,
1730778656444,0.0,,,,
1730778656452,0.003,0.003166666,,
1730778656453,,,0.0,
1730778657444,0.0,,,,
1730778657452,0.0,,,
1730778657453,,0.0,,
1730778657456,,,0.0,
1730778658444,0.0,,,,
1730778658452,0.0,,,
1730778658453,,0.0,0.0,
1730778659444,0.0,,,,
1730778659452,0.0,,,
1730778659453,,0.0,0.0,
1730778660445,0.0,,,,
1730778660452,0.0,,,
1730778660453,,0.0,0.0,
1730778661444,0.0,,,,
1730778661452,0.0,,,
1730778661453,,0.0,0.0,
1730778662444,0.0,,,,
1730778662452,0.0,,,
1730778662453,,0.0,0.0,
1730778663444,0.0,,,,
1730778663452,0.0,,,
1730778663453,,0.0,0.0,
1730778664444,0.0,,,,
1730778664452,0.002664001998001998,,,
1730778664453,,0.0,0.002666666,
1730778665444,0.0,,,,
1730778665452,0.0,,,
1730778665453,,0.002333333,0.0,
1730778666444,0.0,,,,
1730778666452,0.0,,,
1730778666453,,0.0,0.0,
1730778667444,0.0,,,,
1730778667452,0.0,0.0,,
1730778667453,,,0.0,
1730778668444,0.0,,,,
1730778668452,0.0,,,
1730778668453,,0.0,0.0,
1730778669444,0.0,,,,
1730778669452,0.0,,,
1730778669453,,0.0,0.0,
1730778670444,0.0,,,,
1730778670453,0.0,0.0,0.0,
1730778671444,0.0,,,,
1730778671452,0.0,,,
1730778671453,,0.0,0.0,
1730778672444,0.0,,,,
1730778672452,0.0,,,
1730778672453,,0.0,0.0,
1730778673444,0.0,,,,
1730778673452,0.002666666,,,
1730778673453,,0.002666666,0.003,
1730778674444,0.0,,,,
1730778674452,0.0,0.0,,
1730778674453,,,0.0,
1730778675444,0.0,,,,
1730778675452,0.0,,,
1730778675453,,0.0,0.0,
1730778676444,0.0,,,,
1730778676452,0.0,,,
1730778676453,,0.0,0.0,
1730778677444,0.0,,,,
1730778677452,0.0,,,
1730778677453,,,0.0,
1730778677454,,0.0,,
1730778678444,0.0,,,,
1730778678452,0.0,,,
1730778678453,,,0.0,
1730778678455,,0.0,,
1730778679444,0.0,,,,
1730778679452,0.0,,,
1730778679453,,0.0,0.0,
1730778680444,0.0,,,,
1730778680452,0.0,,,
1730778680454,,,0.0,
1730778680455,,0.0,,
1730778681444,0.0,,,,
1730778681452,0.0,,,
1730778681453,,0.0,0.002836169169169169,
1730778682444,0.0,,,,
1730778682452,0.002666666,,,
1730778682453,,0.002666666,0.0,
1730778683444,0.0,,,,
1730778683452,0.0,,,
1730778683453,,0.0,0.0,
1730778684444,0.0,,,,
1730778684452,0.0,,,
1730778684453,,0.0,0.0,
1730778685444,0.0,,,,
1730778685452,0.0,,,
1730778685453,,0.0,0.0,
1730778686444,0.0,,,,
1730778686452,0.0,,,
1730778686453,,0.0,0.0,
1730778687444,0.0,,,,
1730778687452,0.0,,,
1730778687453,,0.0,0.0,
1730778688444,0.0,,,,
1730778688452,0.0,,,
1730778688453,,0.0,0.0,
1730778689444,0.0,,,,
1730778689452,0.0,,,
1730778689453,,0.0,0.0,
1730778690444,0.0,,,,
1730778690452,0.002664001998001998,,,
1730778690453,,0.002833333,0.002833333,
1730778691444,0.0,,,,
1730778691452,0.0,,,
1730778691453,,0.0,0.0,
1730778692444,0.0,,,,
1730778692452,0.0,,,
1730778692453,,,0.0,
1730778692455,,0.0,,
1730778693444,0.0,,,,
1730778693452,0.0,,,
1730778693453,,,0.0,
1730778693454,,0.0,,
1730778694444,0.0,,,,
1730778694452,0.0,,,
1730778694453,,0.0,0.0,
1730778695444,0.0,,,,
1730778695452,0.0,,,
1730778695453,,,0.0,
1730778695456,,0.0,,
1730778696444,0.0,,,,
1730778696452,0.0,,,
1730778696453,,0.0,0.0,
1730778697444,0.0,,,,
1730778697452,0.0,,,
1730778697453,,,0.0,
1730778697456,,0.0,,
1730778698444,0.0,,,,
1730778698452,0.002669335335335335,,,
1730778698453,,0.0,0.002666666,
1730778699444,0.0,,,,
1730778699452,0.0,,,
1730778699453,,,0.0,
1730778699454,,0.0024975024975024975,,
1730778700444,0.0,,,,
1730778700452,0.0,,,
1730778700453,,0.0,0.0,
1730778701444,0.0,,,,
1730778701452,0.0,,,
1730778701453,,0.0,0.0,
1730778702444,0.0,,,,
1730778702452,0.0,,,
1730778702453,,0.0,0.0,
1730778703444,0.0,,,,
1730778703452,0.0,0.0,,
1730778703453,,,0.0,
1730778704444,0.0,,,,
1730778704452,0.0,0.0,,
1730778704453,,,0.0,
1730778705444,0.0,,,,
1730778705452,0.0,0.0,,
1730778705453,,,0.0,
1730778706444,0.0,,,,
1730778706452,0.0,,,
1730778706453,,0.0,0.002833333,
1730778707444,0.0,,,,
1730778707452,0.002833333,,,
1730778707453,,0.002833333,0.0,
1730778708445,0.0,,,,
1730778708452,0.0,,,
1730778708453,,0.0,0.0,
1730778709444,0.0,,,,
1730778709452,0.0,,,
1730778709453,,0.0,0.0,
1730778710444,0.0,,,,
1730778710452,0.0,,,
1730778710453,,0.0,0.0,
1730778711444,0.0,,,,
1730778711452,0.0,,,
1730778711453,,0.0,0.0,
1730778712444,0.0,,,,
1730778712452,0.0,,,
1730778712453,,0.0,,
1730778712454,,,0.0,
1730778713444,0.0,,,,
1730778713452,0.0,,,
1730778713453,,0.0,,
1730778713454,,,0.0,
1730778714444,0.0,,,,
1730778714452,0.0,,,
1730778714453,,0.0,,
1730778714454,,,0.0028305024975024975,
1730778715444,0.0,,,,
1730778715452,0.002833333,,,
1730778715453,,0.002666666,,
1730778715454,,,0.0,
1730778716444,0.0,,,,
1730778716452,0.0,,,
1730778716453,,0.0,0.0,
1730778717444,0.0,,,,
1730778717452,0.0,,,
1730778717453,,0.0,0.0,
1730778718444,0.0,,,,
1730778718452,0.0,0.0,,
1730778718453,,,0.0,
1730778719444,0.0,,,,
1730778719452,0.0,,,
1730778719453,,0.0,0.0,
1730778720444,0.0,,,,
1730778720452,0.0,,,
1730778720453,,0.0,0.0,
1730778721444,0.0,,,,
1730778721452,0.0,,,
1730778721453,,0.0,0.0,
1730778722444,0.0,,,,
1730778722452,0.0,0.0,,
1730778722453,,,0.002997002997002997,
1730778723444,0.0,,,,
1730778723452,0.003003003003003003,,,
1730778723453,,0.0,0.0,
1730778724444,0.0,,,,
1730778724452,0.0,,,
1730778724453,,0.002666666,0.0,
1730778725444,0.0,,,,
1730778725452,0.0,,,
1730778725453,,,0.0,
1730778725454,,0.0,,
1730778726444,0.0,,,,
1730778726453,,,0.0,
1730778726454,0.0,,,
1730778726455,,0.0,,
1730778727444,0.0,,,,
1730778727452,0.0,,,
1730778727453,,0.0,0.0,
1730778728444,0.0,,,,
1730778728452,0.0,,,
1730778728453,,0.0,0.0,
1730778729444,0.0,,,,
1730778729452,0.0,,,
1730778729453,,0.0,0.0,
1730778730444,0.0,,,,
1730778730452,0.0,,,
1730778730453,,0.0,0.0,
1730778731444,0.0,,,,
1730778731452,0.003003003003003003,,,
1730778731453,,0.0,0.002666666,
1730778732444,0.0,,,,
1730778732452,0.0,0.002836169169169169,,
1730778732453,,,0.0,
1730778733444,0.0,,,,
1730778733452,0.0,,,
1730778733453,,,0.0,
1730778733454,,0.0,,
1730778734444,0.0,,,,
1730778734452,0.0,0.0,,
1730778734453,,,0.0,
1730778735444,0.0,,,,
1730778735452,0.0,,,
1730778735453,,0.0,0.0,
1730778736444,0.0,,,,
1730778736452,0.0,0.0,,
1730778736453,,,0.0,
1730778737444,0.0,,,,
1730778737452,0.0,,,
1730778737453,,0.0,0.0,
1730778738444,0.0,,,,
1730778738452,0.0,0.0,,
1730778738453,,,0.0,
1730778739444,0.0,,,,
1730778739452,,0.0,,
1730778739453,,,0.003,
1730778739455,0.00298804780876494,,,
1730778740444,0.0,,,,
1730778740452,0.0,,,
1730778740453,,,0.0,
1730778740455,,0.002658689930209372,,
1730778741444,0.0,,,,
1730778741452,0.0,,,
1730778741453,,0.0,0.0,
1730778742444,0.0,,,,
1730778742452,0.0,0.0,,
1730778742453,,,0.0,
1730778743444,0.0,,,,
1730778743452,0.0,0.0,,
1730778743453,,,0.0,
1730778744444,0.0,,,,
1730778744452,0.0,0.0,,
1730778744453,,,0.0,
1730778745444,0.0,,,,
1730778745452,0.0,0.0,,
1730778745453,,,0.0,
1730778746444,0.0,,,,
1730778746452,0.0,,,
1730778746453,,0.0,0.0,
1730778747444,0.0,,,,
1730778747452,0.0,,,
1730778747453,,0.0,0.003,
1730778748444,0.0,,,,
1730778748452,0.002833333,,,
1730778748453,,0.002833333,0.0,
1730778749444,0.0,,,,
1730778749452,0.0,,,
1730778749453,,0.0,0.0,
1730778750444,0.0,,,,
1730778750452,0.0,,,
1730778750453,,0.0,0.0,
1730778751444,0.0,,,,
1730778751452,0.0,,,
1730778751453,,0.0,0.0,
1730778752444,0.0,,,,
1730778752452,0.0,,,
1730778752453,,0.0,0.0,
1730778753444,0.0,,,,
1730778753452,0.0,,,
1730778753453,,0.0,0.0,
1730778754444,0.0,,,,
1730778754452,0.0,,,
1730778754453,,0.0,0.0,
1730778755444,0.0,,,,
1730778755452,0.0,,,
1730778755453,,0.0,0.002833333,
1730778756446,0.0,,,,
1730778756453,0.002666666,0.0,,
1730778756454,,,0.0,
1730778757444,0.0,,,,
1730778757452,0.0,,,
1730778757453,,0.002666666,0.0,
1730778758444,0.0,,,,
1730778758452,0.0,,,
1730778758453,,0.0,0.0,
1730778759444,0.0,,,,
1730778759452,0.0,,,
1730778759453,,0.0,0.0,
1730778760444,0.0,,,,
1730778760452,0.0,0.0,,
1730778760453,,,0.0,
1730778761444,0.0,,,,
1730778761452,0.0,,,
1730778761453,,,0.0,
1730778761455,,0.0,,
1730778762444,0.0,,,,
1730778762452,0.0,,,
1730778762453,,0.0,0.0,
1730778763444,0.0,,,,
1730778763452,0.0,,,
1730778763453,,0.0,0.002666666,
1730778764444,0.0,,,,
1730778764452,0.002833333,,,
1730778764453,,0.0,0.0,
1730778765444,0.0,,,,
1730778765452,0.0,,,
1730778765453,,0.002666666,,
1730778765454,,,0.0,
1730778766444,0.0,,,,
1730778766452,0.0,,,
1730778766453,,,0.0,
1730778766454,,0.0,,
1730778767444,0.0,,,,
1730778767452,0.0,,,
1730778767453,,,0.0,
1730778767454,,0.0,,
1730778768444,0.0,,,,
1730778768452,0.0,0.0,,
1730778768453,,,0.0,
1730778769444,0.0,,,,
1730778769452,0.0,,,
1730778769453,,0.0,,
1730778769455,,,0.0,
1730778770444,0.0,,,,
1730778770452,0.0,0.0,,
1730778770453,,,0.0,
1730778771444,0.0,,,,
1730778771452,0.0,,,
1730778771453,,0.0,0.0,
1730778772444,0.0,,,,
1730778772452,0.002836169169169169,,,
1730778772453,,0.0,0.003,
1730778773444,0.0,,,,
1730778773452,0.0,,,
1730778773453,,0.002833333,0.0,
1730778774444,0.0,,,,
1730778774452,0.0,,,
1730778774453,,0.0,0.0,
1730778775444,0.0,,,,
1730778775452,0.0,,,
1730778775453,,0.0,0.0,
1730778776444,0.0,,,,
1730778776452,0.0,0.0,,
1730778776453,,,0.0,
1730778777444,0.0,,,,
1730778777452,0.0,0.0,,
1730778777453,,,0.0,
1730778778444,0.0,,,,
1730778778452,0.0,,,
1730778778453,,0.0,0.0,
1730778779444,0.0,,,,
1730778779452,0.0,0.0,,
1730778779453,,,0.0,
1730778780444,0.0,,,,
1730778780452,0.002669335335335335,0.0,,
1730778780453,,,0.003166666,
1730778781444,0.0,,,,
1730778781452,0.0,0.002664001998001998,,
1730778781453,,,0.0,
1730778782444,0.0,,,,
1730778782452,0.0,,,
1730778782453,,0.0,0.0,
1730778783444,0.0,,,,
1730778783452,0.0,,,
1730778783453,,0.0,0.0,
1730778784444,0.0,,,,
1730778784452,0.0,,,
1730778784453,,0.0,0.0,
1730778785444,0.0,,,,
1730778785452,0.0,,,
1730778785453,,0.0,0.0,
1730778786444,0.0,,,,
1730778786452,0.0,,,
1730778786453,,0.0,0.0,
1730778787444,0.0,,,,
1730778787452,0.0,0.0,,
1730778787453,,,0.0,
1730778788444,0.0,,,,
1730778788452,0.0,0.0,,
1730778788453,,,0.002666666,
1730778789445,0.0,,,,
1730778789452,0.002666666,0.0,,
1730778789453,,,0.0,
1730778790444,0.0,,,,
1730778790452,0.0,0.002666666,,
1730778790453,,,0.0,
1730778791444,0.0,,,,
1730778791452,0.0,,,
1730778791453,,0.0,0.0,
1730778792444,0.0,,,,
1730778792452,0.0,,,
1730778792453,,0.0,0.0,
1730778793444,0.0,,,,
1730778793452,0.0,0.0,,
1730778793453,,,0.0,
1730778794444,0.0,,,,
1730778794452,0.0,,,
1730778794453,,0.0,0.0,
1730778795444,0.0,,,,
1730778795452,0.0,0.0,,
1730778795453,,,0.0,
1730778796444,0.0,,,,
1730778796452,0.0,,,
1730778796453,,0.0,0.002833333,
1730778797444,0.0,,,,
1730778797452,0.002833333,,,
1730778797453,,0.0,0.0,
1730778798444,0.0,,,,
1730778798452,0.0,0.002836169169169169,,
1730778798454,,,0.0,
1730778799444,0.0,,,,
1730778799452,0.0,,,
1730778799453,,0.0,0.0,
1730778800444,0.0,,,,
1730778800452,0.0,,,
1730778800453,,0.0,0.0,
1730778801445,0.0,,,,
1730778801452,0.0,,,
1730778801453,,0.0,0.0,
1730778802444,0.0,,,,
1730778802452,0.0,,,
1730778802453,,0.0,0.0,
1730778803444,0.0,,,,
1730778803452,0.0,,,
1730778803453,,0.0,0.0,
1730778804444,0.0,,,,
1730778804452,0.0,0.0,,
1730778804453,,,0.002666666,
1730778805444,0.0,,,,
1730778805452,0.002833333,0.0,,
1730778805453,,,0.0,
1730778806444,0.0,,,,
1730778806452,0.0,0.002833333,,
1730778806453,,,0.0,
1730778807444,0.0,,,,
1730778807452,0.0,0.0,,
1730778807453,,,0.0,
1730778808444,0.0,,,,
1730778808452,0.0,0.0,,
1730778808453,,,0.0,
1730778809444,0.0,,,,
1730778809452,0.0,,,
1730778809454,,0.0,,
1730778809455,,,0.0,
1730778810444,0.0,,,,
1730778810452,0.0,,,
1730778810453,,0.0,0.0,
1730778811444,0.0,,,,
1730778811452,0.0,0.0,,
1730778811453,,,0.0,
1730778812444,0.0,,,,
1730778812452,0.0,0.0,,
1730778812453,,,0.002833333,
1730778813445,0.0,,,,
1730778813452,0.0028305024975024975,,,
1730778813453,,,0.0,
1730778813457,,0.0,,
1730778814444,0.0,,,,
1730778814452,0.0,0.0026800663316582916,,
1730778814453,,,0.0,
1730778815444,0.0,,,,
1730778815452,0.0,0.0,,
1730778815453,,,0.0,
1730778816444,0.0,,,,
1730778816452,0.0,0.0,,
1730778816453,,,0.0,
1730778817444,0.0,,,,
1730778817452,0.0,0.0,,
1730778817453,,,0.0,
1730778818444,0.0,,,,
1730778818452,0.0,,,
1730778818453,,0.0,0.0,
1730778819444,0.0,,,,
1730778819452,0.0,0.0,,
1730778819453,,,0.0,
1730778820444,0.0,,,,
1730778820452,0.0,,,
1730778820453,,,0.002833333,
1730778820455,,0.0,,
1730778821445,0.0,,,,
1730778821452,0.002833333,0.0,,
1730778821453,,,0.0,
1730778822444,0.0,,,,
1730778822452,0.0,0.0,,
1730778822453,,,0.0,
1730778823444,0.0,,,,
1730778823452,0.0,0.002666666,,
1730778823453,,,0.0,
1730778824444,0.0,,,,
1730778824452,0.0,0.0,,
1730778824453,,,0.0,
1730778825444,0.0,,,,
1730778825452,0.0,,,
1730778825453,,0.0,0.0,
1730778826444,0.0,,,,
1730778826452,0.0,0.0,,
1730778826453,,,0.0,
1730778827444,0.0,,,,
1730778827452,0.0,,,
1730778827453,,0.0,0.0,
1730778828444,0.0,,,,
1730778828452,0.0,,,
1730778828453,,0.0,0.002666666,
1730778829444,0.0,,,,
1730778829452,0.0,,,
1730778829453,,0.0,,
1730778829455,,,0.0,
1730778830444,0.0,,,,
1730778830452,0.0024975024975024975,0.0,,
1730778830453,,,0.0,
1730778831444,0.0,,,,
1730778831452,0.0,0.002669335335335335,,
1730778831453,,,0.0,
1730778832444,0.0,,,,
1730778832452,0.0,0.0,,
1730778832453,,,0.0,
1730778833444,0.0,,,,
1730778833452,0.0,0.0,,
1730778833453,,,0.0,
1730778834444,0.0,,,,
1730778834452,0.0,0.0,,
1730778834453,,,0.0,
1730778835444,0.0,,,,
1730778835452,0.0,,,
1730778835453,,0.0,0.0,
1730778836444,0.0,,,,
1730778836452,0.0,,,
1730778836453,,0.0,,
1730778836454,,,0.0028305024975024975,
1730778837444,0.0,,,,
1730778837452,0.0,0.0,,
1730778837453,,,0.0,
1730778838444,0.0,,,,
1730778838452,0.002836169169169169,,,
1730778838453,,0.0,0.0,
1730778839444,0.0,,,,
1730778839452,0.0,,,
1730778839453,,0.002666666,0.0,
1730778840444,0.0,,,,
1730778840452,0.0,0.0,,
1730778840453,,,0.0,
1730778841444,0.0,,,,
1730778841452,0.0,0.0,,
1730778841453,,,0.0,
1730778842444,0.0,,,,
1730778842452,0.0,0.0,,
1730778842453,,,0.0,
1730778843444,0.0,,,,
1730778843452,0.0,0.0,,
1730778843453,,,0.0,
1730778844444,0.0,,,,
1730778844452,0.0,,,
1730778844453,,0.0,0.002666666,
1730778845444,0.0,,,,
1730778845452,0.0,,,
1730778845453,,0.0,0.0,
1730778846444,0.0,,,,
1730778846452,0.002666666,,,
1730778846453,,0.0,0.0,
1730778847444,0.0,,,,
1730778847452,0.0,,,
1730778847453,,0.0025,0.0,
1730778848444,0.0,,,,
1730778848452,0.0,0.0,,
1730778848453,,,0.0,
1730778849444,0.0,,,,
1730778849452,0.0,,,
1730778849453,,0.0,0.0,
1730778850444,0.0,,,,
1730778850452,0.0,0.0,,
1730778850453,,,0.0,
1730778851444,0.0,,,,
1730778851452,0.0,0.0,,
1730778851453,,,0.0,
1730778852444,0.0,,,,
1730778852452,0.0,0.0,,
1730778852453,,,0.002833333,
1730778853444,0.0,,,,
1730778853452,0.0,0.0,,
1730778853453,,,0.0,
1730778854444,0.0,,,,
1730778854452,0.002833333,,,
1730778854453,,0.0,0.0,
1730778855445,0.0,,,,
1730778855452,0.0,,,
1730778855453,,0.002666666,0.0,
1730778856444,0.0,,,,
1730778856452,0.0,,,
1730778856453,,0.0,0.0,
1730778857444,0.0,,,,
1730778857452,0.0,,,
1730778857453,,,0.0,
1730778857454,,0.0,,
1730778858444,0.0,,,,
1730778858452,0.0,0.0,,
1730778858453,,,0.0,
1730778859444,0.0,,,,
1730778859452,0.0,,,
1730778859453,,0.0,0.0,
1730778860444,0.0,,,,
1730778860452,0.0,,,
1730778860453,,0.0,0.002833333,
1730778861444,0.0,,,,
1730778861452,0.0,,,
1730778861453,,0.0,,
1730778861454,,,0.0,
1730778862444,0.0,,,,
1730778862452,0.002833333,,,
1730778862453,,0.0,,
1730778862454,,,0.0,
1730778863444,0.0,,,,
1730778863452,0.0,0.002836169169169169,,
1730778863453,,,0.0,
1730778864444,0.0,,,,
1730778864452,0.0,0.0,,
1730778864453,,,0.0,
1730778865444,0.0,,,,
1730778865452,0.0,0.0,,
1730778865453,,,0.0,
1730778866444,0.0,,,,
1730778866452,0.0,,,
1730778866453,,0.0,0.0,
1730778867444,0.0,,,,
1730778867452,0.0,,,
1730778867453,,0.0,0.0,
1730778868444,0.0,,,,
1730778868452,0.0,,,
1730778868453,,0.0,0.002833333,
1730778869444,0.0,,,,
1730778869452,0.0,,,
1730778869453,,0.0,0.0,
1730778870444,0.0,,,,
1730778870452,0.002666666,,,
1730778870453,,0.0,0.0,
1730778871444,0.0,,,,
1730778871452,0.0,0.0025025025025025025,,
1730778871453,,,0.0,
1730778872444,0.0,,,,
1730778872452,0.0,,,
1730778872453,,0.0,0.0,
1730778873444,0.0,,,,
1730778873452,0.0,,,
1730778873453,,0.0,0.0,
1730778874444,0.0,,,,
1730778874452,0.0,0.0,,
1730778874453,,,0.0,
1730778875444,0.0,,,,
1730778875452,0.0,0.0,,
1730778875453,,,0.0,
1730778876444,0.0,,,,
1730778876452,0.0,,,
1730778876453,,0.0,,
1730778876466,,,0.0027969723593287265,
1730778877444,0.0,,,,
1730778877452,0.0,0.0,,
1730778877453,,,0.0,
1730778878444,0.0,,,,
1730778878452,0.002666666,0.0,,
1730778878453,,,0.0,
1730778879444,0.0,,,,
1730778879452,0.0,0.0,,
1730778879453,,,0.0,
1730778880444,0.0,,,,
1730778880452,0.0,0.002666666,,
1730778880453,,,0.0,
1730778881444,0.0,,,,
1730778881452,0.0,,,
1730778881453,,0.0,0.0,
1730778882444,0.0,,,,
1730778882452,0.0,,,
1730778882453,,0.0,0.0,
1730778883444,0.0,,,,
1730778883452,0.0,0.0,,
1730778883455,,,0.0,
1730778884444,0.0,,,,
1730778884452,0.0,0.0,,
1730778884453,,,0.0,
1730778885444,0.0,,,,
1730778885452,0.0,,,
1730778885453,,0.0,,
1730778885454,,,0.0028305024975024975,
1730778886444,0.0,,,,
1730778886452,0.002666666,,,
1730778886453,,0.0,0.0,
1730778887444,0.0,,,,
1730778887452,0.0,,,
1730778887453,,0.0,0.0,
1730778888444,0.0,,,,
1730778888452,0.0,,,
1730778888453,,0.002666666,0.0,
1730778889444,0.0,,,,
1730778889452,0.0,0.0,,
1730778889453,,,0.0,
1730778890444,0.0,,,,
1730778890452,0.0,0.0,,
1730778890453,,,0.0,
1730778891444,0.0,,,,
1730778891452,0.0,0.0,,
1730778891453,,,0.0,
1730778892444,0.0,,,,
1730778892452,0.0,,,
1730778892453,,0.0,0.0,
1730778893444,0.0,,,,
1730778893452,0.0,,,
1730778893453,,0.0,0.002666666,
1730778894444,0.0,,,,
1730778894452,0.0028305024975024975,,,
1730778894453,,0.0,0.0,
1730778895444,0.0,,,,
1730778895452,0.0,0.0,,
1730778895453,,,0.0,
1730778896444,0.0,,,,
1730778896452,0.0,,,
1730778896453,,0.002664001998001998,0.0,
1730778897444,0.0,,,,
1730778897452,0.0,0.0,,
1730778897453,,,0.0,
1730778898444,0.0,,,,
1730778898452,0.0,0.0,,
1730778898453,,,0.0,
1730778899444,0.0,,,,
1730778899452,0.0,0.0,,
1730778899453,,,0.0,
1730778900444,0.0,,,,
1730778900452,0.0,0.0,,
1730778900453,,,0.0,
1730778901444,0.0,,,,
1730778901452,0.0,,,
1730778901453,,0.0,0.002666666,
1730778902444,0.0,,,,
1730778902452,0.002666666,,,
1730778902453,,0.0,0.0,
1730778903444,0.0,,,,
1730778903452,0.0,,,
1730778903453,,0.0,0.0,
1730778904444,0.0,,,,
1730778904452,0.0,0.002669335335335335,,
1730778904453,,,0.0,
1730778905444,0.0,,,,
1730778905452,0.0,0.0,,
1730778905453,,,0.0,
1730778906444,0.0,,,,
1730778906452,0.0,0.0,,
1730778906453,,,0.0,
1730778907444,0.0,,,,
1730778907452,0.0,0.0,,
1730778907453,,,0.0,
1730778908444,0.0,,,,
1730778908452,0.0,0.0,,
1730778908453,,,0.0,
1730778909444,0.0,,,,
1730778909452,0.0,,,
1730778909453,,0.0,0.002833333,
1730778910444,0.0,,,,
1730778910452,0.0,,,
1730778910453,,0.0,0.0,
1730778911444,0.0,,,,
1730778911452,0.002664001998001998,,,
1730778911453,,0.0,0.0,
1730778912444,0.0,,,,
1730778912452,0.0,,,
1730778912453,,0.0025,0.0,
1730778913444,0.0,,,,
1730778913452,0.0,0.0,,
1730778913453,,,0.0,
1730778914444,0.0,,,,
1730778914452,0.0,0.0,,
1730778914453,,,0.0,
1730778915444,0.0,,,,
1730778915452,0.0,,,
1730778915453,,0.0,,
1730778915454,,,0.0,
1730778916444,0.0,,,,
1730778916452,0.0,0.0,,
1730778916453,,,0.0,
1730778917444,0.0,,,,
1730778917452,0.0,,,
1730778917453,,0.0,0.002833333,
1730778918444,0.0,,,,
1730778918452,0.002664001998001998,0.0,,
1730778918453,,,0.0,
1730778919444,0.0,,,,
1730778919452,0.0,0.0,,
1730778919453,,,0.0,
1730778920444,0.0,,,,
1730778920452,0.0,0.002664001998001998,,
1730778920453,,,0.0,
1730778921444,0.0,,,,
1730778921452,0.0,,,
1730778921453,,0.0,0.0,
1730778922444,0.0,,,,
1730778922452,0.0,0.0,,
1730778922453,,,0.0,
1730778923444,0.0,,,,
1730778923452,0.0,,,
1730778923453,,0.0,0.0,
1730778924444,0.0,,,,
1730778924452,0.0,0.0,,
1730778924453,,,0.0,
1730778925444,0.0,,,,
1730778925452,0.0,0.0,,
1730778925453,,,0.002833333,
1730778926444,0.0,,,,
1730778926452,0.002833333,,,
1730778926453,,0.0,0.0,
1730778927444,0.0,,,,
1730778927452,0.0,,,
1730778927453,,0.0,0.0,
1730778928444,0.0,,,,
1730778928452,0.0,0.002669335335335335,,
1730778928453,,,0.0,
1730778929444,0.0,,,,
1730778929452,0.0,0.0,,
1730778929453,,,0.0,
1730778930444,0.0,,,,
1730778930452,0.0,0.0,,
1730778930453,,,0.0,
1730778931444,0.0,,,,
1730778931452,0.0,,,
1730778931453,,0.0,0.0,
1730778932444,0.0,,,,
1730778932452,0.0,0.0,,
1730778932453,,,0.002666666,
1730778933444,0.0,,,,
1730778933452,0.0,,,
1730778933453,,0.0,0.0,
1730778934444,0.0,,,,
1730778934452,0.0,0.0,,
1730778934453,,,0.0,
1730778935444,0.0,,,,
1730778935452,0.002664001998001998,,,
1730778935453,,0.0,0.0,
1730778936444,0.0,,,,
1730778936452,0.0,0.0,,
1730778936453,,,0.0,
1730778937444,0.0,,,,
1730778937452,0.0,,,
1730778937453,,0.002664001998001998,0.0,
1730778938444,0.0,,,,
1730778938452,0.0,,,
1730778938453,,0.0,0.0,
1730778939444,0.0,,,,
1730778939452,0.0,0.0,,
1730778939453,,,0.0,
1730778940444,0.0,,,,
1730778940452,0.0,,,
1730778940453,,0.0,0.003,
1730778941444,0.0,,,,
1730778941452,0.0,0.0,,
1730778941453,,,0.0,
1730778942444,0.0,,,,
1730778942452,0.002666666,0.0,,
1730778942453,,,0.0,
1730778943444,0.0,,,,
1730778943452,0.0,,,
1730778943453,,0.0,0.0,
1730778944444,0.0,,,,
1730778944452,0.0,,,
1730778944453,,0.0,0.0,
1730778945444,0.0,,,,
1730778945452,0.0,,,
1730778945453,,0.002666666,0.0,
1730778946444,0.0,,,,
1730778946452,0.0,,,
1730778946453,,0.0,0.0,
1730778947444,0.0,,,,
1730778947452,0.0,,,
1730778947453,,0.0,0.0,
1730778948444,0.0,,,,
1730778948452,0.0,,,
1730778948453,,0.0,0.002666666,
1730778949444,0.0,,,,
1730778949452,0.0,,,
1730778949453,,0.0,0.0,
1730778950444,0.0,,,,
1730778950452,0.002669335335335335,0.0,,
1730778950453,,,0.0,
1730778951444,0.0,,,,
1730778951452,0.0,,,
1730778951453,,0.0,0.0,
1730778952444,0.0,,,,
1730778952452,0.0,,,
1730778952453,,0.0,0.0,
1730778953444,0.0,,,,
1730778953452,0.0,0.002836169169169169,,
1730778953453,,,0.0,
1730778954444,0.0,,,,
1730778954452,0.0,0.0,,
1730778954453,,,0.0,
1730778955444,0.0,,,,
1730778955452,0.0,0.0,,
1730778955453,,,0.002666666,
1730778956444,0.0,,,,
1730778956452,0.0,0.0,,
1730778956453,,,0.0,
1730778957444,0.0,,,,
1730778957452,0.0,0.0,,
1730778957453,,,0.0,
1730778958444,0.0,,,,
1730778958452,0.002666666,0.0,,
1730778958453,,,0.0,
1730778959444,0.0,,,,
1730778959452,0.0,,,
1730778959453,,0.0,0.0,
1730778960444,0.0,,,,
1730778960452,0.0,,,
1730778960453,,,0.0,
1730778960471,,0.0029469548133595285,,
1730778961444,0.0,,,,
1730778961452,0.0,,,
1730778961453,,0.0,0.0,
1730778962444,0.0,,,,
1730778962452,0.0,0.0,,
1730778962453,,,0.0,
1730778963444,0.0,,,,
1730778963452,0.0,0.0,,
1730778963453,,,0.002666666,
1730778964444,0.0,,,,
1730778964452,0.0,0.0,,
1730778964453,,,0.0,
1730778965444,0.0,,,,
1730778965452,0.0,0.0,,
1730778965453,,,0.0,
1730778966444,0.0,,,,
1730778966452,0.002666666,0.0,,
1730778966453,,,0.0,
1730778967444,0.0,,,,
1730778967452,0.0,0.0,,
1730778967453,,,0.0,
1730778968444,0.0,,,,
1730778968452,0.0,,,
1730778968453,,0.002664001998001998,0.0,
1730778969444,0.0,,,,
1730778969452,0.0,0.0,,
1730778969453,,,0.0,
1730778970444,0.0,,,,
1730778970452,0.0,0.0,,
1730778970453,,,0.002666666,
1730778971444,0.0,,,,
1730778971452,0.0,0.0,,
1730778971453,,,0.0,
1730778972444,0.0,,,,
1730778972452,0.0,0.0,,
1730778972453,,,0.0,
1730778973444,0.0,,,,
1730778973452,0.002666666,0.0,,
1730778973453,,,0.0,
1730778974444,0.0,,,,
1730778974452,0.0,0.0,,
1730778974453,,,0.0,
1730778975444,0.0,,,,
1730778975452,0.0,0.0,,
1730778975453,,,0.0,
1730778976444,0.0,,,,
1730778976452,0.0,0.002666666,,
1730778976453,,,0.0,
1730778977444,0.0,,,,
1730778977452,0.0,,,
1730778977453,,0.0,0.0,
1730778978444,0.0,,,,
1730778978452,0.0,0.0,,
1730778978453,,,0.002666666,
1730778979444,0.0,,,,
1730778979452,0.0,0.0,,
1730778979453,,,0.0,
1730778980444,0.0,,,,
1730778980452,0.0,0.0,,
1730778980453,,,0.0,
1730778981444,0.0,,,,
1730778981452,0.002666666,0.0,,
1730778981453,,,0.0,
1730778982444,0.0,,,,
1730778982452,0.0,0.0,,
1730778982453,,,0.0,
1730778983444,0.0,,,,
1730778983452,0.0,0.0,,
1730778983453,,,0.0,
1730778984444,0.0,,,,
1730778984452,0.0,,,
1730778984453,,0.002664001998001998,0.0,
1730778985444,0.0,,,,
1730778985452,0.0,0.0,,
1730778985453,,,0.002664001998001998,
1730778986444,0.0,,,,
1730778986452,0.0,0.0,,
1730778986453,,,0.0,
1730778987444,0.0,,,,
1730778987452,0.0,,,
1730778987453,,0.0,0.0,
1730778988444,0.0,,,,
1730778988452,0.0024975024975024975,,,
1730778988453,,,0.0,
1730778988457,,0.0,,
1730778989444,0.0,,,,
1730778989452,0.0,0.0,,
1730778989453,,,0.0,
1730778990444,0.0,,,,
1730778990452,0.0,,,
1730778990453,,0.0,0.0,
1730778991444,0.0,,,,
1730778991452,0.0,,,
1730778991453,,0.002666666,0.0,
1730778992444,0.0,,,,
1730778992452,0.0,,,
1730778992453,,,0.002833333,
1730778992455,,0.0,,
1730778993444,0.0,,,,
1730778993452,0.0,,,
1730778993453,,0.0,0.0,
1730778994444,0.0,,,,
1730778994452,0.0,,,
1730778994453,,0.0,0.0,
1730778995444,0.0,,,,
1730778995452,0.0028305024975024975,0.0,,
1730778995453,,,0.0,
1730778996444,0.0,,,,
1730778996452,0.0,0.0,,
1730778996453,,,0.0,
1730778997444,0.0,,,,
1730778997452,0.0,,,
1730778997453,,0.0,0.0,
1730778998444,0.0,,,,
1730778998452,0.0,0.0,,
1730778998453,,,0.0,
1730778999444,0.0,,,,
1730778999452,0.0,0.002666666,,
1730778999453,,,0.002836169169169169,
1730779000444,0.0,,,,
1730779000452,0.0,,,
1730779000453,,0.0,0.0,
1730779001444,0.0,,,,
1730779001452,0.0,,,
1730779001453,,0.0,0.0,
1730779002444,0.0,,,,
1730779002452,0.0,0.0,,
1730779002453,,,0.0,
1730779003444,0.0,,,,
1730779003452,0.002666666,0.0,,
1730779003453,,,0.0,
1730779004444,0.0,,,,
1730779004452,0.0,0.0,,
1730779004453,,,0.0,
1730779005444,0.0,,,,
1730779005452,0.0,,,
1730779005453,,0.0,0.0,
1730779006444,0.0,,,,
1730779006452,0.0,0.002669335335335335,,
1730779006453,,,0.002664001998001998,
1730779007444,0.0,,,,
1730779007452,0.0,,,
1730779007453,,0.0,0.0,
1730779008444,0.0,,,,
1730779008452,0.0,,,
1730779008453,,0.0,0.0,
1730779009444,0.0,,,,
1730779009452,0.0,0.0,,
1730779009453,,,0.0,
1730779010444,0.0,,,,
1730779010452,0.002666666,,,
1730779010453,,0.0,0.0,
1730779011444,0.0,,,,
1730779011452,0.0,,,
1730779011453,,0.0,,
1730779011456,,,0.0,
1730779012444,0.0,,,,
1730779012452,0.0,0.0,,
1730779012453,,,0.0,
1730779013444,0.0,,,,
1730779013452,0.0,,,
1730779013453,,0.0,0.002833333,
1730779014444,0.0,,,,
1730779014452,0.0,0.002666666,,
1730779014453,,,0.0,
1730779015444,0.0,,,,
1730779015452,0.0,0.0,,
1730779015453,,,0.0,
1730779016444,0.0,,,,
1730779016452,0.0,0.0,,
1730779016453,,,0.0,
1730779017444,0.0,,,,
1730779017452,0.0025,0.0,,
1730779017453,,,0.0,
1730779018444,0.0,,,,
1730779018452,0.0,0.0,,
1730779018453,,,0.0,
1730779019444,0.0,,,,
1730779019452,0.0,0.0,,
1730779019453,,,0.0,
1730779020444,0.0,,,,
1730779020452,0.0,,,
1730779020453,,0.0,0.002666666,
1730779021444,0.0,,,,
1730779021452,0.0,0.002666666,,
1730779021453,,,0.0,
1730779022444,0.0,,,,
1730779022452,0.0,0.0,,
1730779022453,,,0.0,
1730779023444,0.0,,,,
1730779023452,0.0,0.0,,
1730779023453,,,0.0,
1730779024444,0.0,,,,
1730779024452,0.002666666,,,
1730779024453,,0.0,0.0,
1730779025444,0.0,,,,
1730779025452,0.0,0.0,,
1730779025453,,,0.0,
1730779026444,0.0,,,,
1730779026452,0.0,0.0,,
1730779026453,,,0.0,
1730779027444,0.0,,,,
1730779027452,0.0,0.0,,
1730779027453,,,0.002666666,
1730779028444,0.0,,,,
1730779028452,0.0,0.0025,,
1730779028453,,,0.0,
1730779029444,0.0,,,,
1730779029452,0.0,0.0,,
1730779029453,,,0.0,
1730779030444,0.0,,,,
1730779030452,0.0,0.0,,
1730779030453,,,0.0,
1730779031444,0.0,,,,
1730779031452,0.0025,0.0,,
1730779031453,,,0.0,
1730779032444,0.0,,,,
1730779032452,0.0,,,
1730779032453,,0.0,0.0,
1730779033444,0.0,,,,
1730779033452,0.0,0.0,,
1730779033453,,,0.002669335335335335,
1730779034444,0.0,,,,
1730779034452,0.0,0.0,,
1730779034453,,,0.0,
1730779035444,0.0,,,,
1730779035452,0.0,,,
1730779035453,,0.002664001998001998,0.0,
1730779036444,0.0,,,,
1730779036452,0.0,0.0,,
1730779036453,,,0.0,
1730779037444,0.0,,,,
1730779037452,0.0,,,
1730779037453,,0.0,0.0,
1730779038444,0.0,,,,
1730779038452,0.0025,,,
1730779038453,,0.0,0.0,
1730779039444,0.0,,,,
1730779039452,0.0,0.0,,
1730779039453,,,0.0,
1730779040444,0.0,,,,
1730779040452,0.0,0.0,,
1730779040453,,,0.0025,
1730779041444,0.0,,,,
1730779041452,0.0,0.0,,
1730779041453,,,0.0,
1730779042444,0.0,,,,
1730779042452,0.0,0.0025,,
1730779042453,,,0.0,
1730779043444,0.0,,,,
1730779043452,0.0,0.0,,
1730779043453,,,0.0,
1730779044444,0.0,,,,
1730779044452,0.0,0.0,,
1730779044453,,,0.0,
1730779045444,0.0,,,,
1730779045452,0.002666666,0.0,,
1730779045453,,,0.0,
1730779046444,0.0,,,,
1730779046452,0.0,0.0,,
1730779046453,,,0.002666666,
1730779047444,0.0,,,,
1730779047452,0.0,,,
1730779047453,,0.0,0.0,
1730779048444,0.0,,,,
1730779048452,0.0,0.0,,
1730779048453,,,0.0,
1730779049444,0.0,,,,
1730779049452,0.0,0.0025,,
1730779049453,,,0.0,
1730779050444,0.0,,,,
1730779050452,0.0,0.0,,
1730779050453,,,0.0,
1730779051444,0.0,,,,
1730779051452,0.0025,0.0,,
1730779051453,,,0.0,
1730779052444,0.0,,,,
1730779052452,0.0,0.0,,
1730779052453,,,0.0,
1730779053444,0.0,,,,
1730779053452,0.0,,,
1730779053453,,,0.002666666,
1730779053455,,0.0,,
1730779054444,0.0,,,,
1730779054452,0.0,,,
1730779054453,,,0.0,
1730779054456,,0.0,,
1730779055444,0.0,,,,
1730779055452,0.0,,,
1730779055453,,0.0,0.0,
1730779056444,0.0,,,,
1730779056452,0.0,0.002666666,,
1730779056453,,,0.0,
1730779057444,0.0,,,,
1730779057452,0.0,0.0,,
1730779057453,,,0.0,
1730779058444,0.0,,,,
1730779058452,0.002833333,0.0,,
1730779058453,,,0.0,
1730779059444,0.0,,,,
1730779059452,0.0,0.0,,
1730779059453,,,0.002666666,
1730779060444,0.0,,,,
1730779060452,0.0,0.0,,
1730779060453,,,0.0,
1730779061444,0.0,,,,
1730779061452,0.0,,,
1730779061453,,0.0,0.0,
1730779062444,0.0,,,,
1730779062452,0.0,0.0,,
1730779062453,,,0.0,
1730779063444,0.0,,,,
1730779063452,0.0,,,
1730779063453,,0.002664001998001998,0.0,
1730779064444,0.0,,,,
1730779064452,0.0025,0.0,,
1730779064453,,,0.0,
1730779065444,0.0,,,,
1730779065452,0.0,0.0,,
1730779065453,,,0.002666666,
1730779066444,0.0,,,,
1730779066452,0.0,0.0,,
1730779066453,,,0.0,
1730779067444,0.0,,,,
1730779067452,0.0,,,
1730779067453,,0.0,0.0,
1730779068444,0.0,,,,
1730779068452,0.0,0.0,,
1730779068453,,,0.0,
1730779069444,0.0,,,,
1730779069452,0.0,0.002669335335335335,,
1730779069453,,,0.0,
1730779070444,0.0,,,,
1730779070452,0.0,0.0,,
1730779070453,,,0.0,
1730779071444,0.0,,,,
1730779071452,0.002666666,,,
1730779071453,,0.0,0.0024975024975024975,
1730779072444,0.0,,,,
1730779072452,0.0,0.0,,
1730779072453,,,0.0,
1730779073444,0.0,,,,
1730779073452,0.0,0.0,,
1730779073453,,,0.0,
1730779074444,0.0,,,,
1730779074452,0.0,,,
1730779074453,,0.0,0.0,
1730779075444,0.0,,,,
1730779075452,0.0,0.0,,
1730779075453,,,0.0,
1730779076444,0.0,,,,
1730779076453,0.0,0.0024975024975024975,0.0,
1730779077444,0.0,,,,
1730779077452,0.00250501002004008,0.0,,
1730779077453,,,0.0025,
1730779078444,0.0,,,,
1730779078452,0.0,0.0,,
1730779078453,,,0.0,
1730779079444,0.0,,,,
1730779079452,0.0,0.0,,
1730779079453,,,0.0,
1730779080444,0.0,,,,
1730779080452,0.0,0.0,,
1730779080453,,,0.0,
1730779081444,0.0,,,,
1730779081452,0.0,0.0,,
1730779081453,,,0.0,
1730779082444,0.0,,,,
1730779082452,0.0,,,
1730779082453,,0.0024975024975024975,0.0,
1730779083444,0.0,,,,
1730779083452,0.0025,,,
1730779083453,,0.0,0.0025,
1730779084444,0.0,,,,
1730779084452,0.0,,,
1730779084453,,0.0,0.0,
1730779085444,0.0,,,,
1730779085452,0.0,0.0,,
1730779085453,,,0.0,
1730779086444,0.0,,,,
1730779086452,0.0,0.0,,
1730779086453,,,0.0,
1730779087444,0.0,,,,
1730779087452,0.0,0.0,,
1730779087453,,,0.0,
1730779088444,0.0,,,,
1730779088452,0.0,,,
1730779088453,,0.0,0.0,
1730779089444,0.0,,,,
1730779089452,0.0025,0.0025025025025025025,,
1730779089453,,,0.002664001998001998,
1730779090444,0.0,,,,
1730779090452,0.0,,,
1730779090453,,0.0,0.0,
1730779091444,0.0,,,,
1730779091452,0.0,0.0,,
1730779091453,,,0.0,
1730779092444,0.0,,,,
1730779092452,0.0,0.0,,
1730779092453,,,0.0,
1730779093444,0.0,,,,
1730779093452,0.0,,,
1730779093453,,0.0,0.0,
1730779094444,0.0,,,,
1730779094452,0.0,,,
1730779094453,,0.0,0.0,
1730779095444,0.0,,,,
1730779095452,0.0025,0.0025025025025025025,,
1730779095453,,,0.0025,
1730779096444,0.0,,,,
1730779096452,0.0,0.0,,
1730779096453,,,0.0,
1730779097444,0.0,,,,
1730779097452,0.0,,,
1730779097453,,0.0,0.0,
1730779098444,0.0,,,,
1730779098452,0.0,0.0,,
1730779098453,,,0.0,
1730779099444,0.0,,,,
1730779099452,0.0,0.0,,
1730779099453,,,0.0,
1730779100444,0.0,,,,
1730779100452,0.0,0.0,,
1730779100453,,,0.0025,
1730779101444,0.0,,,,
1730779101452,0.0,,,
1730779101453,,0.0024975024975024975,0.0,
1730779102444,0.0,,,,
1730779102452,0.002666666,0.0,,
1730779102453,,,0.0,
1730779103444,0.0,,,,
1730779103452,0.0,0.0,,
1730779103453,,,0.0,
1730779104444,0.0,,,,
1730779104452,0.0,0.0,,
1730779104453,,,0.0,
1730779105444,0.0,,,,
1730779105452,0.0,0.0,,
1730779105453,,,0.0,
1730779106444,0.0,,,,
1730779106452,0.0,0.0,,
1730779106453,,,0.0025,
1730779107444,0.0,,,,
1730779107452,0.0025,0.0,,
1730779107453,,,0.0,
1730779108444,0.0,,,,
1730779108452,0.0,0.002333333,,
1730779108453,,,0.0,
1730779109444,0.0,,,,
1730779109452,0.0,,,
1730779109453,,0.0,0.0,
1730779110444,0.0,,,,
1730779110452,0.0,0.0,,
1730779110453,,,0.0,
1730779111444,0.0,,,,
1730779111452,0.0,0.0,,
1730779111453,,,0.002666666,
1730779112444,0.0,,,,
1730779112452,0.0,0.0,,
1730779112453,,,0.0,
1730779113444,0.0,,,,
1730779113452,0.002666666,,,
1730779113453,,0.0024975024975024975,0.0,
1730779114444,0.0,,,,
1730779114452,0.0,0.0,,
1730779114453,,,0.0,
1730779115444,0.0,,,,
1730779115452,0.0,0.0,,
1730779115453,,,0.0,
1730779116444,0.0,,,,
1730779116452,0.0,0.0,,
1730779116453,,,0.0025,
1730779117444,0.0,,,,
1730779117452,0.0,0.0,,
1730779117453,,,0.0,
1730779118444,0.0,,,,
1730779118452,0.0025,0.0,,
1730779118453,,,0.0,
1730779119444,0.0,,,,
1730779119452,0.0,0.0025,,
1730779119453,,,0.0,
1730779120444,0.0,,,,
1730779120452,0.0,0.0,,
1730779120453,,,0.0,
1730779121444,0.0,,,,
1730779121452,0.0,,,
1730779121458,,0.0,,
1730779121467,,,0.002465483234714004,
1730779122444,0.0,,,,
1730779122452,0.0,0.0,,
1730779122453,,,0.0,
1730779123444,0.0,,,,
1730779123452,0.0,0.0,,
1730779123453,,,0.0,
1730779124444,0.0,,,,
1730779124452,0.0025,0.0,,
1730779124453,,,0.0,
1730779125444,0.0,,,,
1730779125452,0.0,0.0025,,
1730779125453,,,0.0,
1730779126444,0.0,,,,
1730779126452,0.0,0.0,,
1730779126453,,,0.0,
1730779127444,0.0,,,,
1730779127452,0.0,0.0,,
1730779127453,,,0.002666666,
1730779128444,0.0,,,,
1730779128452,0.0,,,
1730779128453,,0.0,0.0,
1730779129444,0.0,,,,
1730779129452,0.0,0.0,,
1730779129453,,,0.0,
1730779130444,0.0,,,,
1730779130452,0.0025,0.0,,
1730779130453,,,0.0,
1730779131444,0.0,,,,
1730779131452,0.0,,,
1730779131453,,0.0024975024975024975,0.0,
1730779132444,0.0,,,,
1730779132452,0.0,0.0,,
1730779132453,,,0.0025,
1730779133444,0.0,,,,
1730779133452,0.0,0.0,,
1730779133453,,,0.0,
1730779134444,0.0,,,,
1730779134452,0.0,,,
1730779134453,,0.0,0.0,
1730779135444,0.0,,,,
1730779135452,0.002333333,0.0,,
1730779135453,,,0.0,
1730779136444,0.0,,,,
1730779136452,0.0,0.0,,
1730779136453,,,0.0,
1730779137444,0.0,,,,
1730779137452,0.0,0.004162503496503497,,
1730779137453,,,0.002331001998001998,
1730779138444,0.0,,,,
1730779138452,0.0,0.0,,
1730779138453,,,0.0,
1730779139444,0.0,,,,
1730779139452,0.0,0.0,,
1730779139453,,,0.0,
1730779140444,0.0,,,,
1730779140452,0.0025,0.0,,
1730779140453,,,0.0,
1730779141444,0.0,,,,
1730779141452,0.0,0.0,,
1730779141453,,,0.0,
1730779142444,0.0,,,,
1730779142452,0.0,0.002333333,,
1730779142453,,,0.0045045045045045045,
1730779143444,0.0,,,,
1730779143452,0.0,0.0,,
1730779143453,,,0.0011655004995004994,
1730779144444,0.0,,,,
1730779144452,0.0,0.0,,
1730779144453,,,0.0,
1730779145444,0.0,,,,
1730779145452,0.0,0.0,,
1730779145453,,,0.0,
1730779146444,0.0,,,,
1730779146452,0.002333333,0.0,,
1730779146453,,,0.0,
1730779147444,0.0,,,,
1730779147452,0.0,0.0,,
1730779147453,,,0.0,
1730779148444,0.0,,,,
1730779148452,0.0,,,
1730779148453,,0.0024975024975024975,0.0,
1730779149444,0.0,,,,
1730779149452,0.0,,,
1730779149453,,0.0,0.0,
1730779150444,0.0,,,,
1730779150452,0.0,0.0,,
1730779150453,,,0.0,
1730779151444,0.0,,,,
1730779151452,0.002333333,0.0,,
1730779151453,,,0.0021645014985014984,
1730779152444,0.0,,,,
1730779152452,0.0,0.0,,
1730779152453,,,0.0,
1730779153444,0.0,,,,
1730779153452,0.0,0.0025,,
1730779153453,,,0.0,
1730779154444,0.0,,,,
1730779154452,0.0,0.0,,
1730779154453,,,0.0,
1730779155444,0.0,,,,
1730779155452,0.002333333,0.0,,
1730779155453,,,0.0,
1730779156444,0.0,,,,
1730779156452,0.0,0.0,,
1730779156453,,,0.0,
1730779157444,0.0,,,,
1730779157452,0.0,0.0,,
1730779157453,,,0.0,
1730779158444,0.0,,,,
1730779158452,0.0,0.0024975024975024975,,
1730779158453,,,0.0,
1730779159444,0.0,,,,
1730779159452,0.0,0.0,,
1730779159453,,,0.002666666,
1730779160444,0.0,,,,
1730779160452,0.0025,0.0,,
1730779160453,,,0.0,
1730779161444,0.0,,,,
1730779161452,0.0025,0.0,,
1730779161453,,,0.0,
1730779162444,0.0,,,,
1730779162452,5.0E-4,0.0,,
1730779162453,,,0.0,
1730779163444,0.0,,,,
1730779163452,0.0,0.0,,
1730779163453,,,0.0,
1730779164444,0.0,,,,
1730779164452,0.0,0.002333333,,
1730779164453,,,0.0,
1730779165444,0.0,,,,
1730779165452,0.0,0.0,,
1730779165453,,,0.0,
1730779166444,0.0,,,,
1730779166452,0.0,0.0,,
1730779166453,,,0.0,
1730779167444,0.0,,,,
1730779167452,0.0,0.0,,
1730779167453,,,0.002666666,
1730779168444,0.0,,,,
1730779168452,0.0,0.0,,
1730779168453,,,0.0,
1730779169444,0.0,,,,
1730779169452,0.0,0.002333333,,
1730779169453,,,0.0,
1730779170444,0.0,,,,
1730779170452,0.002,0.0,,
1730779170453,,,0.0,
1730779171444,0.0,,,,
1730779171452,0.0,0.0,,
1730779171453,,,0.0,
1730779172444,0.0,,,,
1730779172452,0.0,0.0,,
1730779172453,,,0.0,
1730779173444,0.0,,,,
1730779173452,0.0,,,
1730779173453,,0.002331001998001998,,
1730779173454,,,0.0,
1730779174444,0.0,,,,
1730779174452,0.0,0.0,,
1730779174453,,,0.002833333,
1730779175444,0.0,,,,
1730779175452,0.0,0.0,,
1730779175453,,,0.0,
1730779176444,0.0,,,,
1730779176452,0.0,0.0,,
1730779176453,,,0.0,
1730779177444,0.0,,,,
1730779177452,0.0025,0.0,,
1730779177453,,,0.0,
1730779178444,0.0,,,,
1730779178452,0.0,0.004329003996003996,,
1730779178453,,,0.0,
1730779179444,0.0,,,,
1730779179452,0.0,5.0E-4,,
1730779179453,,,0.0,
1730779180444,0.0,,,,
1730779180452,0.0,6.673333333333334E-4,,
1730779180453,,,0.0,
1730779181444,0.0,,,,
1730779181452,0.0,0.0,,
1730779181453,,,0.002669335335335335,
1730779182444,0.0,,,,
1730779182452,0.0,0.0,,
1730779182453,,,0.0,
1730779183444,0.0,,,,
1730779183452,0.0,0.0,,
1730779183453,,,0.0,
1730779184444,0.0,,,,
1730779184452,0.0,0.0,,
1730779184453,,,0.0,
1730779185444,0.0,,,,
1730779185452,0.002666666,0.0,,
1730779185453,,,0.0,
1730779186444,0.0,,,,
1730779186452,0.0,,,
1730779186453,,,0.0,
1730779186454,,0.0,,
1730779187444,0.0,,,,
1730779187452,0.0,0.0,,
1730779187456,,,0.0,
1730779188444,0.0,,,,
1730779188452,0.0,0.001998001998001998,,
1730779188453,,,0.0,
1730779189444,0.0,,,,
1730779189452,0.0,0.0,,
1730779189453,,,0.002664001998001998,
1730779190444,0.0,,,,
1730779190452,0.0,0.0,,
1730779190453,,,0.0,
1730779191444,0.0,,,,
1730779191452,0.0,0.0,,
1730779191453,,,0.0,
1730779192444,0.0,,,,
1730779192453,,0.0,0.0,
1730779192461,0.002973240832507433,,,
1730779193444,0.0,,,,
1730779193452,0.0,0.0,,
1730779193453,,,0.0,
1730779194444,0.0,,,,
1730779194452,0.0,0.0,,
1730779194453,,,0.0,
1730779195444,0.0,,,,
1730779195452,0.0,0.0025,,
1730779195453,,,0.0,
1730779196444,0.0,,,,
1730779196452,0.0,0.0,,
1730779196453,,,0.002666666,
1730779197444,0.0,,,,
1730779197452,0.0,0.0,,
1730779197453,,,0.0,
1730779198444,0.0,,,,
1730779198452,0.0,0.0,,
1730779198453,,,0.0,
1730779199444,0.0,,,,
1730779199452,0.0,0.0,,
1730779199453,,,0.0,
1730779200444,0.0,,,,
1730779200452,0.002666666,0.0,,
1730779200453,,,0.0,
1730779201444,0.0,,,,
1730779201452,0.0,0.0,,
1730779201453,,,0.0,
1730779202444,0.0,,,,
1730779202452,0.0,0.0,,
1730779202453,,,0.0,
1730779203444,0.0,,,,
1730779203452,0.0,,,
1730779203453,,,0.0,
1730779203455,,0.0026613433133732536,,
1730779204444,0.0,,,,
1730779204452,0.0,,,
1730779204453,,,0.002666666,
1730779204457,,0.0,,
1730779205444,0.0,,,,
1730779205452,0.0,,,
1730779205453,,0.0,0.0,
1730779206444,0.0,,,,
1730779206452,0.0,0.0,,
1730779206453,,,0.0,
1730779207444,0.0,,,,
1730779207452,0.0,0.0,,
1730779207453,,,0.0,
1730779208444,0.0,,,,
1730779208452,0.002666666,0.0,,
1730779208453,,,0.0,
1730779209444,0.0,,,,
1730779209452,0.0,0.0,,
1730779209453,,,0.0,
1730779210444,0.0,,,,
1730779210452,0.0,0.0,,
1730779210453,,,0.0,
1730779211444,0.0,,,,
1730779211452,0.0,0.002833333,,
1730779211453,,,0.0,
1730779212444,0.0,,,,
1730779212452,0.0,0.0,,
1730779212453,,,0.002666666,
1730779213444,0.0,,,,
1730779213452,0.0,0.0,,
1730779213453,,,0.0,
1730779214444,0.0,,,,
1730779214452,0.0,0.0,,
1730779214453,,,0.0,
1730779215444,0.0,,,,
1730779215452,0.002666666,0.0,,
1730779215453,,,0.0,
1730779216444,0.0,,,,
1730779216452,0.0,0.0,,
1730779216453,,,0.0,
1730779217444,0.0,,,,
1730779217452,0.0,0.0,,
1730779217453,,,0.0,
1730779218444,0.0,,,,
1730779218452,0.0,0.002666666,,
1730779218453,,,0.0,
1730779219444,0.0,,,,
1730779219452,0.0,0.0,,
1730779219453,,,0.002833333,
1730779220444,0.0,,,,
1730779220452,0.0,0.0,,
1730779220453,,,0.0,
1730779221444,0.0,,,,
1730779221452,0.0,0.0,,
1730779221453,,,0.0,
1730779222444,0.0,,,,
1730779222452,0.0,0.0,,
1730779222453,,,0.0,
1730779223444,0.0,,,,
1730779223452,0.002664001998001998,0.0,,
1730779223453,,,0.0,
1730779224444,0.0,,,,
1730779224452,0.0,0.0,,
1730779224453,,,0.0,
1730779225444,0.0,,,,
1730779225452,0.0,0.0,,
1730779225453,,,0.0,
1730779226444,0.0,,,,
1730779226452,0.0,0.002666666,,
1730779226453,,,0.0,
1730779227444,0.0,,,,
1730779227452,0.0,,,
1730779227453,,0.0,0.002836169169169169,
1730779228444,0.0,,,,
1730779228452,0.0,0.0,,
1730779228453,,,0.0,
1730779229444,0.0,,,,
1730779229452,0.0,0.0,,
1730779229453,,,0.0,
1730779230444,0.0,,,,
1730779230452,0.0,0.0,,
1730779230453,,,0.0,
1730779231444,0.0,,,,
1730779231452,0.0025,0.0,,
1730779231453,,,0.0,
1730779232444,0.0,,,,
1730779232452,0.0,0.0,,
1730779232453,,,0.0,
1730779233444,0.0,,,,
1730779233452,0.0,0.0,,
1730779233454,,,0.0,
1730779234444,0.0,,,,
1730779234452,0.0,0.002666666,,
1730779234453,,,0.002666666,
1730779235444,0.0,,,,
1730779235452,0.0,,,
1730779235453,,0.0,0.0,
1730779236444,0.0,,,,
1730779236452,0.0,0.0,,
1730779236453,,,0.0,
1730779237444,0.0,,,,
1730779237452,0.0,0.0,,
1730779237453,,,0.0,
1730779238444,0.0,,,,
1730779238452,0.002833333,0.0,,
1730779238453,,,0.0,
1730779239444,0.0,,,,
1730779239452,0.0,0.0,,
1730779239453,,,0.0,
1730779240444,0.0,,,,
1730779240452,0.0,0.0,,
1730779240453,,,0.0,
1730779241444,0.0,,,,
1730779241452,0.0,0.0,,
1730779241453,,,0.0,
1730779242444,0.0,,,,
1730779242452,0.0,0.002666666,,
1730779242453,,,0.0028305024975024975,
1730779243444,0.0,,,,
1730779243452,0.0,0.0,,
1730779243453,,,0.0,
1730779244188,,0,0,
1730779244190,0,,,
1730779244192,0,